,timestamp,customer_no,location
0,07:01:00,1,entrance
1,07:02:00,1,fruit
2,07:03:00,1,fruit
3,07:04:00,1,drinks
4,07:05:00,1,spices
5,07:06:00,1,fruit
6,07:07:00,1,checkout
7,07:01:00,2,entrance
8,07:02:00,2,fruit
9,07:03:00,2,fruit
10,07:04:00,2,fruit
11,07:05:00,2,fruit
12,07:06:00,2,fruit
13,07:07:00,2,checkout
14,07:02:00,3,entrance
15,07:03:00,3,spices
16,07:04:00,3,spices
17,07:05:00,3,spices
18,07:06:00,3,dairy
19,07:07:00,3,dairy
20,07:08:00,3,drinks
21,07:09:00,3,checkout
22,07:02:00,4,entrance
23,07:03:00,4,dairy
24,07:04:00,4,fruit
25,07:05:00,4,checkout
26,07:03:00,5,entrance
27,07:04:00,5,spices
28,07:05:00,5,spices
29,07:06:00,5,spices
30,07:07:00,5,dairy
31,07:08:00,5,drinks
32,07:09:00,5,drinks
33,07:10:00,5,fruit
34,07:11:00,5,checkout
35,07:03:00,6,entrance
36,07:04:00,6,dairy
37,07:05:00,6,dairy
38,07:06:00,6,spices
39,07:07:00,6,checkout
40,07:04:00,7,entrance
41,07:05:00,7,dairy
42,07:06:00,7,dairy
43,07:07:00,7,dairy
44,07:08:00,7,dairy
45,07:09:00,7,dairy
46,07:10:00,7,dairy
47,07:11:00,7,dairy
48,07:12:00,7,drinks
49,07:13:00,7,checkout
50,07:04:00,8,entrance
51,07:05:00,8,dairy
52,07:06:00,8,dairy
53,07:07:00,8,dairy
54,07:08:00,8,dairy
55,07:09:00,8,dairy
56,07:10:00,8,fruit
57,07:11:00,8,spices
58,07:12:00,8,checkout
59,07:05:00,9,entrance
60,07:06:00,9,spices
61,07:07:00,9,spices
62,07:08:00,9,checkout
63,07:05:00,10,entrance
64,07:06:00,10,drinks
65,07:07:00,10,checkout
66,07:06:00,11,entrance
67,07:07:00,11,spices
68,07:08:00,11,dairy
69,07:09:00,11,dairy
70,07:10:00,11,dairy
71,07:11:00,11,dairy
72,07:12:00,11,spices
73,07:13:00,11,checkout
74,07:06:00,12,entrance
75,07:07:00,12,dairy
76,07:08:00,12,fruit
77,07:09:00,12,fruit
78,07:10:00,12,fruit
79,07:11:00,12,dairy
80,07:12:00,12,dairy
81,07:13:00,12,checkout
82,07:07:00,13,entrance
83,07:08:00,13,dairy
84,07:09:00,13,dairy
85,07:10:00,13,dairy
86,07:11:00,13,dairy
87,07:12:00,13,dairy
88,07:13:00,13,dairy
89,07:14:00,13,dairy
90,07:15:00,13,checkout
91,07:07:00,14,entrance
92,07:08:00,14,spices
93,07:09:00,14,dairy
94,07:10:00,14,dairy
95,07:11:00,14,spices
96,07:12:00,14,checkout
97,07:08:00,15,entrance
98,07:09:00,15,fruit
99,07:10:00,15,fruit
100,07:11:00,15,checkout
101,07:08:00,16,entrance
102,07:09:00,16,dairy
103,07:10:00,16,dairy
104,07:11:00,16,checkout
105,07:09:00,17,entrance
106,07:10:00,17,dairy
107,07:11:00,17,dairy
108,07:12:00,17,dairy
109,07:13:00,17,checkout
110,07:09:00,18,entrance
111,07:10:00,18,drinks
112,07:11:00,18,drinks
113,07:12:00,18,drinks
114,07:13:00,18,drinks
115,07:14:00,18,drinks
116,07:15:00,18,drinks
117,07:16:00,18,drinks
118,07:17:00,18,drinks
119,07:18:00,18,spices
120,07:19:00,18,checkout
121,07:10:00,19,entrance
122,07:11:00,19,drinks
123,07:12:00,19,drinks
124,07:13:00,19,spices
125,07:14:00,19,spices
126,07:15:00,19,spices
127,07:16:00,19,spices
128,07:17:00,19,fruit
129,07:18:00,19,fruit
130,07:19:00,19,fruit
131,07:20:00,19,checkout
132,07:10:00,20,entrance
133,07:11:00,20,fruit
134,07:12:00,20,checkout
135,07:11:00,21,entrance
136,07:12:00,21,fruit
137,07:13:00,21,drinks
138,07:14:00,21,drinks
139,07:15:00,21,drinks
140,07:16:00,21,drinks
141,07:17:00,21,spices
142,07:18:00,21,drinks
143,07:19:00,21,checkout
144,07:11:00,22,entrance
145,07:12:00,22,dairy
146,07:13:00,22,dairy
147,07:14:00,22,dairy
148,07:15:00,22,dairy
149,07:16:00,22,dairy
150,07:17:00,22,dairy
151,07:18:00,22,dairy
152,07:19:00,22,dairy
153,07:20:00,22,drinks
154,07:21:00,22,drinks
155,07:22:00,22,fruit
156,07:23:00,22,fruit
157,07:24:00,22,fruit
158,07:25:00,22,dairy
159,07:26:00,22,dairy
160,07:27:00,22,dairy
161,07:28:00,22,drinks
162,07:29:00,22,drinks
163,07:30:00,22,drinks
164,07:31:00,22,drinks
165,07:32:00,22,fruit
166,07:33:00,22,checkout
167,07:12:00,23,entrance
168,07:13:00,23,fruit
169,07:14:00,23,fruit
170,07:15:00,23,spices
171,07:16:00,23,spices
172,07:17:00,23,drinks
173,07:18:00,23,drinks
174,07:19:00,23,spices
175,07:20:00,23,dairy
176,07:21:00,23,dairy
177,07:22:00,23,dairy
178,07:23:00,23,dairy
179,07:24:00,23,drinks
180,07:25:00,23,drinks
181,07:26:00,23,drinks
182,07:27:00,23,fruit
183,07:28:00,23,dairy
184,07:29:00,23,dairy
185,07:30:00,23,dairy
186,07:31:00,23,dairy
187,07:32:00,23,dairy
188,07:33:00,23,checkout
189,07:12:00,24,entrance
190,07:13:00,24,drinks
191,07:14:00,24,drinks
192,07:15:00,24,drinks
193,07:16:00,24,checkout
194,07:13:00,25,entrance
195,07:14:00,25,fruit
196,07:15:00,25,checkout
197,07:13:00,26,entrance
198,07:14:00,26,fruit
199,07:15:00,26,fruit
200,07:16:00,26,checkout
201,07:14:00,27,entrance
202,07:15:00,27,dairy
203,07:16:00,27,dairy
204,07:17:00,27,dairy
205,07:18:00,27,checkout
206,07:14:00,28,entrance
207,07:15:00,28,fruit
208,07:16:00,28,fruit
209,07:17:00,28,fruit
210,07:18:00,28,fruit
211,07:19:00,28,fruit
212,07:20:00,28,checkout
213,07:15:00,29,entrance
214,07:16:00,29,dairy
215,07:17:00,29,dairy
216,07:18:00,29,dairy
217,07:19:00,29,dairy
218,07:20:00,29,dairy
219,07:21:00,29,spices
220,07:22:00,29,dairy
221,07:23:00,29,dairy
222,07:24:00,29,dairy
223,07:25:00,29,dairy
224,07:26:00,29,fruit
225,07:27:00,29,fruit
226,07:28:00,29,dairy
227,07:29:00,29,fruit
228,07:30:00,29,checkout
229,07:15:00,30,entrance
230,07:16:00,30,dairy
231,07:17:00,30,spices
232,07:18:00,30,spices
233,07:19:00,30,spices
234,07:20:00,30,spices
235,07:21:00,30,spices
236,07:22:00,30,spices
237,07:23:00,30,spices
238,07:24:00,30,spices
239,07:25:00,30,spices
240,07:26:00,30,dairy
241,07:27:00,30,checkout
242,07:16:00,31,entrance
243,07:17:00,31,fruit
244,07:18:00,31,spices
245,07:19:00,31,drinks
246,07:20:00,31,fruit
247,07:21:00,31,fruit
248,07:22:00,31,fruit
249,07:23:00,31,checkout
250,07:16:00,32,entrance
251,07:17:00,32,fruit
252,07:18:00,32,fruit
253,07:19:00,32,spices
254,07:20:00,32,fruit
255,07:21:00,32,fruit
256,07:22:00,32,spices
257,07:23:00,32,spices
258,07:24:00,32,fruit
259,07:25:00,32,fruit
260,07:26:00,32,checkout
261,07:17:00,33,entrance
262,07:18:00,33,drinks
263,07:19:00,33,drinks
264,07:20:00,33,checkout
265,07:17:00,34,entrance
266,07:18:00,34,fruit
267,07:19:00,34,drinks
268,07:20:00,34,drinks
269,07:21:00,34,fruit
270,07:22:00,34,checkout
271,07:18:00,35,entrance
272,07:19:00,35,spices
273,07:20:00,35,checkout
274,07:18:00,36,entrance
275,07:19:00,36,fruit
276,07:20:00,36,fruit
277,07:21:00,36,checkout
278,07:19:00,37,entrance
279,07:20:00,37,fruit
280,07:21:00,37,dairy
281,07:22:00,37,dairy
282,07:23:00,37,dairy
283,07:24:00,37,dairy
284,07:25:00,37,dairy
285,07:26:00,37,dairy
286,07:27:00,37,dairy
287,07:28:00,37,dairy
288,07:29:00,37,dairy
289,07:30:00,37,dairy
290,07:31:00,37,spices
291,07:32:00,37,drinks
292,07:33:00,37,drinks
293,07:34:00,37,spices
294,07:35:00,37,drinks
295,07:36:00,37,drinks
296,07:37:00,37,checkout
297,07:19:00,38,entrance
298,07:20:00,38,dairy
299,07:21:00,38,dairy
300,07:22:00,38,dairy
301,07:23:00,38,drinks
302,07:24:00,38,fruit
303,07:25:00,38,checkout
304,07:20:00,39,entrance
305,07:21:00,39,dairy
306,07:22:00,39,dairy
307,07:23:00,39,checkout
308,07:20:00,40,entrance
309,07:21:00,40,drinks
310,07:22:00,40,checkout
311,07:21:00,41,entrance
312,07:22:00,41,drinks
313,07:23:00,41,drinks
314,07:24:00,41,drinks
315,07:25:00,41,checkout
316,07:21:00,42,entrance
317,07:22:00,42,fruit
318,07:23:00,42,checkout
319,07:22:00,43,entrance
320,07:23:00,43,fruit
321,07:24:00,43,fruit
322,07:25:00,43,dairy
323,07:26:00,43,dairy
324,07:27:00,43,dairy
325,07:28:00,43,dairy
326,07:29:00,43,dairy
327,07:30:00,43,dairy
328,07:31:00,43,dairy
329,07:32:00,43,dairy
330,07:33:00,43,spices
331,07:34:00,43,spices
332,07:35:00,43,fruit
333,07:36:00,43,fruit
334,07:37:00,43,fruit
335,07:38:00,43,fruit
336,07:39:00,43,fruit
337,07:40:00,43,dairy
338,07:41:00,43,dairy
339,07:42:00,43,checkout
340,07:22:00,44,entrance
341,07:23:00,44,fruit
342,07:24:00,44,dairy
343,07:25:00,44,dairy
344,07:26:00,44,dairy
345,07:27:00,44,checkout
346,07:23:00,45,entrance
347,07:24:00,45,dairy
348,07:25:00,45,dairy
349,07:26:00,45,dairy
350,07:27:00,45,dairy
351,07:28:00,45,spices
352,07:29:00,45,checkout
353,07:23:00,46,entrance
354,07:24:00,46,dairy
355,07:25:00,46,checkout
356,07:24:00,47,entrance
357,07:25:00,47,fruit
358,07:26:00,47,checkout
359,07:24:00,48,entrance
360,07:25:00,48,spices
361,07:26:00,48,dairy
362,07:27:00,48,dairy
363,07:28:00,48,dairy
364,07:29:00,48,spices
365,07:30:00,48,dairy
366,07:31:00,48,dairy
367,07:32:00,48,dairy
368,07:33:00,48,dairy
369,07:34:00,48,checkout
370,07:25:00,49,entrance
371,07:26:00,49,fruit
372,07:27:00,49,fruit
373,07:28:00,49,dairy
374,07:29:00,49,dairy
375,07:30:00,49,dairy
376,07:31:00,49,dairy
377,07:32:00,49,spices
378,07:33:00,49,dairy
379,07:34:00,49,drinks
380,07:35:00,49,checkout
381,07:25:00,50,entrance
382,07:26:00,50,spices
383,07:27:00,50,checkout
384,07:26:00,51,entrance
385,07:27:00,51,drinks
386,07:28:00,51,checkout
387,07:26:00,52,entrance
388,07:27:00,52,fruit
389,07:28:00,52,spices
390,07:29:00,52,dairy
391,07:30:00,52,dairy
392,07:31:00,52,dairy
393,07:32:00,52,dairy
394,07:33:00,52,dairy
395,07:34:00,52,dairy
396,07:35:00,52,dairy
397,07:36:00,52,checkout
398,07:27:00,53,entrance
399,07:28:00,53,dairy
400,07:29:00,53,dairy
401,07:30:00,53,dairy
402,07:31:00,53,dairy
403,07:32:00,53,dairy
404,07:33:00,53,spices
405,07:34:00,53,spices
406,07:35:00,53,drinks
407,07:36:00,53,checkout
408,07:27:00,54,entrance
409,07:28:00,54,spices
410,07:29:00,54,spices
411,07:30:00,54,fruit
412,07:31:00,54,fruit
413,07:32:00,54,checkout
414,07:28:00,55,entrance
415,07:29:00,55,dairy
416,07:30:00,55,dairy
417,07:31:00,55,checkout
418,07:28:00,56,entrance
419,07:29:00,56,spices
420,07:30:00,56,fruit
421,07:31:00,56,fruit
422,07:32:00,56,checkout
423,07:29:00,57,entrance
424,07:30:00,57,spices
425,07:31:00,57,fruit
426,07:32:00,57,checkout
427,07:29:00,58,entrance
428,07:30:00,58,dairy
429,07:31:00,58,dairy
430,07:32:00,58,checkout
431,07:30:00,59,entrance
432,07:31:00,59,fruit
433,07:32:00,59,dairy
434,07:33:00,59,dairy
435,07:34:00,59,dairy
436,07:35:00,59,checkout
437,07:30:00,60,entrance
438,07:31:00,60,fruit
439,07:32:00,60,checkout
440,07:31:00,61,entrance
441,07:32:00,61,drinks
442,07:33:00,61,checkout
443,07:31:00,62,entrance
444,07:32:00,62,dairy
445,07:33:00,62,dairy
446,07:34:00,62,dairy
447,07:35:00,62,spices
448,07:36:00,62,dairy
449,07:37:00,62,dairy
450,07:38:00,62,dairy
451,07:39:00,62,checkout
452,07:32:00,63,entrance
453,07:33:00,63,fruit
454,07:34:00,63,fruit
455,07:35:00,63,fruit
456,07:36:00,63,dairy
457,07:37:00,63,dairy
458,07:38:00,63,dairy
459,07:39:00,63,dairy
460,07:40:00,63,dairy
461,07:41:00,63,dairy
462,07:42:00,63,dairy
463,07:43:00,63,checkout
464,07:32:00,64,entrance
465,07:33:00,64,fruit
466,07:34:00,64,checkout
467,07:33:00,65,entrance
468,07:34:00,65,drinks
469,07:35:00,65,drinks
470,07:36:00,65,drinks
471,07:37:00,65,checkout
472,07:33:00,66,entrance
473,07:34:00,66,fruit
474,07:35:00,66,fruit
475,07:36:00,66,spices
476,07:37:00,66,dairy
477,07:38:00,66,dairy
478,07:39:00,66,dairy
479,07:40:00,66,dairy
480,07:41:00,66,checkout
481,07:34:00,67,entrance
482,07:35:00,67,fruit
483,07:36:00,67,checkout
484,07:34:00,68,entrance
485,07:35:00,68,fruit
486,07:36:00,68,fruit
487,07:37:00,68,fruit
488,07:38:00,68,dairy
489,07:39:00,68,dairy
490,07:40:00,68,dairy
491,07:41:00,68,drinks
492,07:42:00,68,checkout
493,07:35:00,69,entrance
494,07:36:00,69,drinks
495,07:37:00,69,drinks
496,07:38:00,69,drinks
497,07:39:00,69,drinks
498,07:40:00,69,drinks
499,07:41:00,69,drinks
500,07:42:00,69,checkout
501,07:35:00,70,entrance
502,07:36:00,70,fruit
503,07:37:00,70,checkout
504,07:36:00,71,entrance
505,07:37:00,71,spices
506,07:38:00,71,checkout
507,07:36:00,72,entrance
508,07:37:00,72,dairy
509,07:38:00,72,spices
510,07:39:00,72,spices
511,07:40:00,72,checkout
512,07:37:00,73,entrance
513,07:38:00,73,fruit
514,07:39:00,73,spices
515,07:40:00,73,spices
516,07:41:00,73,spices
517,07:42:00,73,spices
518,07:43:00,73,drinks
519,07:44:00,73,drinks
520,07:45:00,73,drinks
521,07:46:00,73,drinks
522,07:47:00,73,drinks
523,07:48:00,73,drinks
524,07:49:00,73,drinks
525,07:50:00,73,drinks
526,07:51:00,73,checkout
527,07:37:00,74,entrance
528,07:38:00,74,fruit
529,07:39:00,74,checkout
530,07:38:00,75,entrance
531,07:39:00,75,drinks
532,07:40:00,75,fruit
533,07:41:00,75,spices
534,07:42:00,75,dairy
535,07:43:00,75,dairy
536,07:44:00,75,dairy
537,07:45:00,75,checkout
538,07:38:00,76,entrance
539,07:39:00,76,fruit
540,07:40:00,76,fruit
541,07:41:00,76,fruit
542,07:42:00,76,fruit
543,07:43:00,76,dairy
544,07:44:00,76,dairy
545,07:45:00,76,checkout
546,07:39:00,77,entrance
547,07:40:00,77,dairy
548,07:41:00,77,dairy
549,07:42:00,77,dairy
550,07:43:00,77,checkout
551,07:39:00,78,entrance
552,07:40:00,78,spices
553,07:41:00,78,fruit
554,07:42:00,78,checkout
555,07:40:00,79,entrance
556,07:41:00,79,drinks
557,07:42:00,79,checkout
558,07:40:00,80,entrance
559,07:41:00,80,dairy
560,07:42:00,80,dairy
561,07:43:00,80,dairy
562,07:44:00,80,checkout
563,07:41:00,81,entrance
564,07:42:00,81,dairy
565,07:43:00,81,dairy
566,07:44:00,81,dairy
567,07:45:00,81,dairy
568,07:46:00,81,dairy
569,07:47:00,81,dairy
570,07:48:00,81,dairy
571,07:49:00,81,dairy
572,07:50:00,81,dairy
573,07:51:00,81,dairy
574,07:52:00,81,checkout
575,07:41:00,82,entrance
576,07:42:00,82,drinks
577,07:43:00,82,fruit
578,07:44:00,82,spices
579,07:45:00,82,checkout
580,07:42:00,83,entrance
581,07:43:00,83,fruit
582,07:44:00,83,fruit
583,07:45:00,83,checkout
584,07:42:00,84,entrance
585,07:43:00,84,fruit
586,07:44:00,84,fruit
587,07:45:00,84,fruit
588,07:46:00,84,fruit
589,07:47:00,84,fruit
590,07:48:00,84,checkout
591,07:43:00,85,entrance
592,07:44:00,85,dairy
593,07:45:00,85,dairy
594,07:46:00,85,checkout
595,07:43:00,86,entrance
596,07:44:00,86,dairy
597,07:45:00,86,dairy
598,07:46:00,86,dairy
599,07:47:00,86,dairy
600,07:48:00,86,dairy
601,07:49:00,86,dairy
602,07:50:00,86,drinks
603,07:51:00,86,spices
604,07:52:00,86,dairy
605,07:53:00,86,dairy
606,07:54:00,86,dairy
607,07:55:00,86,dairy
608,07:56:00,86,dairy
609,07:57:00,86,checkout
610,07:44:00,87,entrance
611,07:45:00,87,spices
612,07:46:00,87,checkout
613,07:44:00,88,entrance
614,07:45:00,88,dairy
615,07:46:00,88,dairy
616,07:47:00,88,dairy
617,07:48:00,88,dairy
618,07:49:00,88,checkout
619,07:45:00,89,entrance
620,07:46:00,89,spices
621,07:47:00,89,checkout
622,07:45:00,90,entrance
623,07:46:00,90,fruit
624,07:47:00,90,checkout
625,07:46:00,91,entrance
626,07:47:00,91,spices
627,07:48:00,91,drinks
628,07:49:00,91,fruit
629,07:50:00,91,fruit
630,07:51:00,91,fruit
631,07:52:00,91,fruit
632,07:53:00,91,checkout
633,07:46:00,92,entrance
634,07:47:00,92,fruit
635,07:48:00,92,spices
636,07:49:00,92,dairy
637,07:50:00,92,dairy
638,07:51:00,92,fruit
639,07:52:00,92,spices
640,07:53:00,92,spices
641,07:54:00,92,spices
642,07:55:00,92,spices
643,07:56:00,92,spices
644,07:57:00,92,dairy
645,07:58:00,92,dairy
646,07:59:00,92,dairy
647,08:00:00,92,dairy
648,08:01:00,92,drinks
649,08:02:00,92,drinks
650,08:03:00,92,checkout
651,07:47:00,93,entrance
652,07:48:00,93,spices
653,07:49:00,93,checkout
654,07:47:00,94,entrance
655,07:48:00,94,fruit
656,07:49:00,94,checkout
657,07:48:00,95,entrance
658,07:49:00,95,dairy
659,07:50:00,95,dairy
660,07:51:00,95,dairy
661,07:52:00,95,checkout
662,07:48:00,96,entrance
663,07:49:00,96,dairy
664,07:50:00,96,checkout
665,07:49:00,97,entrance
666,07:50:00,97,fruit
667,07:51:00,97,checkout
668,07:49:00,98,entrance
669,07:50:00,98,drinks
670,07:51:00,98,fruit
671,07:52:00,98,fruit
672,07:53:00,98,fruit
673,07:54:00,98,drinks
674,07:55:00,98,drinks
675,07:56:00,98,checkout
676,07:50:00,99,entrance
677,07:51:00,99,spices
678,07:52:00,99,dairy
679,07:53:00,99,dairy
680,07:54:00,99,dairy
681,07:55:00,99,checkout
682,07:50:00,100,entrance
683,07:51:00,100,fruit
684,07:52:00,100,spices
685,07:53:00,100,drinks
686,07:54:00,100,drinks
687,07:55:00,100,drinks
688,07:56:00,100,drinks
689,07:57:00,100,checkout
690,07:51:00,101,entrance
691,07:52:00,101,dairy
692,07:53:00,101,dairy
693,07:54:00,101,dairy
694,07:55:00,101,dairy
695,07:56:00,101,dairy
696,07:57:00,101,dairy
697,07:58:00,101,dairy
698,07:59:00,101,dairy
699,08:00:00,101,dairy
700,08:01:00,101,dairy
701,08:02:00,101,dairy
702,08:03:00,101,checkout
703,07:51:00,102,entrance
704,07:52:00,102,fruit
705,07:53:00,102,checkout
706,07:52:00,103,entrance
707,07:53:00,103,spices
708,07:54:00,103,spices
709,07:55:00,103,spices
710,07:56:00,103,drinks
711,07:57:00,103,drinks
712,07:58:00,103,drinks
713,07:59:00,103,drinks
714,08:00:00,103,drinks
715,08:01:00,103,checkout
716,07:52:00,104,entrance
717,07:53:00,104,dairy
718,07:54:00,104,dairy
719,07:55:00,104,dairy
720,07:56:00,104,dairy
721,07:57:00,104,dairy
722,07:58:00,104,dairy
723,07:59:00,104,dairy
724,08:00:00,104,checkout
725,07:53:00,105,entrance
726,07:54:00,105,dairy
727,07:55:00,105,dairy
728,07:56:00,105,dairy
729,07:57:00,105,fruit
730,07:58:00,105,fruit
731,07:59:00,105,checkout
732,07:53:00,106,entrance
733,07:54:00,106,fruit
734,07:55:00,106,fruit
735,07:56:00,106,drinks
736,07:57:00,106,checkout
737,07:54:00,107,entrance
738,07:55:00,107,spices
739,07:56:00,107,checkout
740,07:54:00,108,entrance
741,07:55:00,108,dairy
742,07:56:00,108,checkout
743,07:55:00,109,entrance
744,07:56:00,109,drinks
745,07:57:00,109,drinks
746,07:58:00,109,drinks
747,07:59:00,109,drinks
748,08:00:00,109,drinks
749,08:01:00,109,drinks
750,08:02:00,109,drinks
751,08:03:00,109,drinks
752,08:04:00,109,drinks
753,08:05:00,109,drinks
754,08:06:00,109,drinks
755,08:07:00,109,dairy
756,08:08:00,109,dairy
757,08:09:00,109,dairy
758,08:10:00,109,dairy
759,08:11:00,109,dairy
760,08:12:00,109,dairy
761,08:13:00,109,dairy
762,08:14:00,109,dairy
763,08:15:00,109,checkout
764,07:55:00,110,entrance
765,07:56:00,110,spices
766,07:57:00,110,spices
767,07:58:00,110,drinks
768,07:59:00,110,drinks
769,08:00:00,110,drinks
770,08:01:00,110,checkout
771,07:56:00,111,entrance
772,07:57:00,111,fruit
773,07:58:00,111,fruit
774,07:59:00,111,checkout
775,07:56:00,112,entrance
776,07:57:00,112,fruit
777,07:58:00,112,checkout
778,07:57:00,113,entrance
779,07:58:00,113,drinks
780,07:59:00,113,fruit
781,08:00:00,113,fruit
782,08:01:00,113,fruit
783,08:02:00,113,fruit
784,08:03:00,113,fruit
785,08:04:00,113,checkout
786,07:57:00,114,entrance
787,07:58:00,114,fruit
788,07:59:00,114,fruit
789,08:00:00,114,fruit
790,08:01:00,114,fruit
791,08:02:00,114,fruit
792,08:03:00,114,fruit
793,08:04:00,114,fruit
794,08:05:00,114,fruit
795,08:06:00,114,dairy
796,08:07:00,114,dairy
797,08:08:00,114,spices
798,08:09:00,114,spices
799,08:10:00,114,fruit
800,08:11:00,114,dairy
801,08:12:00,114,fruit
802,08:13:00,114,fruit
803,08:14:00,114,checkout
804,07:58:00,115,entrance
805,07:59:00,115,spices
806,08:00:00,115,fruit
807,08:01:00,115,fruit
808,08:02:00,115,spices
809,08:03:00,115,drinks
810,08:04:00,115,drinks
811,08:05:00,115,spices
812,08:06:00,115,spices
813,08:07:00,115,spices
814,08:08:00,115,dairy
815,08:09:00,115,dairy
816,08:10:00,115,dairy
817,08:11:00,115,fruit
818,08:12:00,115,fruit
819,08:13:00,115,checkout
820,07:58:00,116,entrance
821,07:59:00,116,drinks
822,08:00:00,116,drinks
823,08:01:00,116,drinks
824,08:02:00,116,drinks
825,08:03:00,116,drinks
826,08:04:00,116,dairy
827,08:05:00,116,dairy
828,08:06:00,116,dairy
829,08:07:00,116,dairy
830,08:08:00,116,dairy
831,08:09:00,116,dairy
832,08:10:00,116,dairy
833,08:11:00,116,checkout
834,07:59:00,117,entrance
835,08:00:00,117,fruit
836,08:01:00,117,checkout
837,07:59:00,118,entrance
838,08:00:00,118,fruit
839,08:01:00,118,fruit
840,08:02:00,118,checkout
841,08:00:00,119,entrance
842,08:01:00,119,dairy
843,08:02:00,119,dairy
844,08:03:00,119,dairy
845,08:04:00,119,dairy
846,08:05:00,119,checkout
847,08:00:00,120,entrance
848,08:01:00,120,fruit
849,08:02:00,120,dairy
850,08:03:00,120,spices
851,08:04:00,120,checkout
852,08:01:00,121,entrance
853,08:02:00,121,spices
854,08:03:00,121,spices
855,08:04:00,121,checkout
856,08:01:00,122,entrance
857,08:02:00,122,dairy
858,08:03:00,122,dairy
859,08:04:00,122,dairy
860,08:05:00,122,dairy
861,08:06:00,122,dairy
862,08:07:00,122,dairy
863,08:08:00,122,dairy
864,08:09:00,122,dairy
865,08:10:00,122,dairy
866,08:11:00,122,dairy
867,08:12:00,122,dairy
868,08:13:00,122,dairy
869,08:14:00,122,spices
870,08:15:00,122,checkout
871,08:02:00,123,entrance
872,08:03:00,123,fruit
873,08:04:00,123,checkout
874,08:02:00,124,entrance
875,08:03:00,124,fruit
876,08:04:00,124,checkout
877,08:03:00,125,entrance
878,08:04:00,125,drinks
879,08:05:00,125,drinks
880,08:06:00,125,fruit
881,08:07:00,125,fruit
882,08:08:00,125,dairy
883,08:09:00,125,dairy
884,08:10:00,125,dairy
885,08:11:00,125,dairy
886,08:12:00,125,dairy
887,08:13:00,125,dairy
888,08:14:00,125,checkout
889,08:03:00,126,entrance
890,08:04:00,126,drinks
891,08:05:00,126,fruit
892,08:06:00,126,fruit
893,08:07:00,126,fruit
894,08:08:00,126,fruit
895,08:09:00,126,fruit
896,08:10:00,126,fruit
897,08:11:00,126,fruit
898,08:12:00,126,fruit
899,08:13:00,126,fruit
900,08:14:00,126,drinks
901,08:15:00,126,drinks
902,08:16:00,126,drinks
903,08:17:00,126,drinks
904,08:18:00,126,drinks
905,08:19:00,126,checkout
906,08:04:00,127,entrance
907,08:05:00,127,fruit
908,08:06:00,127,fruit
909,08:07:00,127,fruit
910,08:08:00,127,checkout
911,08:04:00,128,entrance
912,08:05:00,128,fruit
913,08:06:00,128,fruit
914,08:07:00,128,fruit
915,08:08:00,128,fruit
916,08:09:00,128,fruit
917,08:10:00,128,dairy
918,08:11:00,128,dairy
919,08:12:00,128,checkout
920,08:05:00,129,entrance
921,08:06:00,129,dairy
922,08:07:00,129,dairy
923,08:08:00,129,checkout
924,08:05:00,130,entrance
925,08:06:00,130,fruit
926,08:07:00,130,fruit
927,08:08:00,130,drinks
928,08:09:00,130,fruit
929,08:10:00,130,fruit
930,08:11:00,130,fruit
931,08:12:00,130,fruit
932,08:13:00,130,drinks
933,08:14:00,130,drinks
934,08:15:00,130,checkout
935,08:06:00,131,entrance
936,08:07:00,131,dairy
937,08:08:00,131,dairy
938,08:09:00,131,dairy
939,08:10:00,131,dairy
940,08:11:00,131,dairy
941,08:12:00,131,dairy
942,08:13:00,131,dairy
943,08:14:00,131,dairy
944,08:15:00,131,dairy
945,08:16:00,131,checkout
946,08:06:00,132,entrance
947,08:07:00,132,fruit
948,08:08:00,132,checkout
949,08:07:00,133,entrance
950,08:08:00,133,fruit
951,08:09:00,133,checkout
952,08:07:00,134,entrance
953,08:08:00,134,dairy
954,08:09:00,134,dairy
955,08:10:00,134,drinks
956,08:11:00,134,fruit
957,08:12:00,134,fruit
958,08:13:00,134,checkout
959,08:08:00,135,entrance
960,08:09:00,135,fruit
961,08:10:00,135,fruit
962,08:11:00,135,fruit
963,08:12:00,135,fruit
964,08:13:00,135,fruit
965,08:14:00,135,fruit
966,08:15:00,135,checkout
967,08:08:00,136,entrance
968,08:09:00,136,fruit
969,08:10:00,136,fruit
970,08:11:00,136,spices
971,08:12:00,136,spices
972,08:13:00,136,dairy
973,08:14:00,136,dairy
974,08:15:00,136,checkout
975,08:09:00,137,entrance
976,08:10:00,137,fruit
977,08:11:00,137,dairy
978,08:12:00,137,dairy
979,08:13:00,137,dairy
980,08:14:00,137,dairy
981,08:15:00,137,dairy
982,08:16:00,137,dairy
983,08:17:00,137,fruit
984,08:18:00,137,fruit
985,08:19:00,137,fruit
986,08:20:00,137,fruit
987,08:21:00,137,fruit
988,08:22:00,137,fruit
989,08:23:00,137,dairy
990,08:24:00,137,dairy
991,08:25:00,137,dairy
992,08:26:00,137,dairy
993,08:27:00,137,dairy
994,08:28:00,137,dairy
995,08:29:00,137,dairy
996,08:30:00,137,dairy
997,08:31:00,137,fruit
998,08:32:00,137,checkout
999,08:09:00,138,entrance
1000,08:10:00,138,dairy
1001,08:11:00,138,drinks
1002,08:12:00,138,checkout
1003,08:10:00,139,entrance
1004,08:11:00,139,fruit
1005,08:12:00,139,fruit
1006,08:13:00,139,fruit
1007,08:14:00,139,fruit
1008,08:15:00,139,checkout
1009,08:10:00,140,entrance
1010,08:11:00,140,drinks
1011,08:12:00,140,checkout
1012,08:11:00,141,entrance
1013,08:12:00,141,fruit
1014,08:13:00,141,fruit
1015,08:14:00,141,checkout
1016,08:11:00,142,entrance
1017,08:12:00,142,spices
1018,08:13:00,142,spices
1019,08:14:00,142,checkout
1020,08:12:00,143,entrance
1021,08:13:00,143,fruit
1022,08:14:00,143,spices
1023,08:15:00,143,spices
1024,08:16:00,143,spices
1025,08:17:00,143,spices
1026,08:18:00,143,spices
1027,08:19:00,143,fruit
1028,08:20:00,143,fruit
1029,08:21:00,143,dairy
1030,08:22:00,143,dairy
1031,08:23:00,143,dairy
1032,08:24:00,143,dairy
1033,08:25:00,143,checkout
1034,08:12:00,144,entrance
1035,08:13:00,144,fruit
1036,08:14:00,144,fruit
1037,08:15:00,144,checkout
1038,08:13:00,145,entrance
1039,08:14:00,145,spices
1040,08:15:00,145,checkout
1041,08:13:00,146,entrance
1042,08:14:00,146,fruit
1043,08:15:00,146,dairy
1044,08:16:00,146,dairy
1045,08:17:00,146,dairy
1046,08:18:00,146,dairy
1047,08:19:00,146,drinks
1048,08:20:00,146,checkout
1049,08:14:00,147,entrance
1050,08:15:00,147,spices
1051,08:16:00,147,dairy
1052,08:17:00,147,checkout
1053,08:14:00,148,entrance
1054,08:15:00,148,spices
1055,08:16:00,148,fruit
1056,08:17:00,148,fruit
1057,08:18:00,148,fruit
1058,08:19:00,148,drinks
1059,08:20:00,148,checkout
1060,08:15:00,149,entrance
1061,08:16:00,149,dairy
1062,08:17:00,149,dairy
1063,08:18:00,149,dairy
1064,08:19:00,149,dairy
1065,08:20:00,149,dairy
1066,08:21:00,149,dairy
1067,08:22:00,149,dairy
1068,08:23:00,149,checkout
1069,08:15:00,150,entrance
1070,08:16:00,150,drinks
1071,08:17:00,150,drinks
1072,08:18:00,150,drinks
1073,08:19:00,150,checkout
1074,08:16:00,151,entrance
1075,08:17:00,151,fruit
1076,08:18:00,151,checkout
1077,08:16:00,152,entrance
1078,08:17:00,152,dairy
1079,08:18:00,152,dairy
1080,08:19:00,152,dairy
1081,08:20:00,152,dairy
1082,08:21:00,152,spices
1083,08:22:00,152,spices
1084,08:23:00,152,spices
1085,08:24:00,152,spices
1086,08:25:00,152,fruit
1087,08:26:00,152,fruit
1088,08:27:00,152,fruit
1089,08:28:00,152,fruit
1090,08:29:00,152,fruit
1091,08:30:00,152,checkout
1092,08:17:00,153,entrance
1093,08:18:00,153,drinks
1094,08:19:00,153,fruit
1095,08:20:00,153,fruit
1096,08:21:00,153,fruit
1097,08:22:00,153,checkout
1098,08:17:00,154,entrance
1099,08:18:00,154,fruit
1100,08:19:00,154,checkout
1101,08:18:00,155,entrance
1102,08:19:00,155,spices
1103,08:20:00,155,dairy
1104,08:21:00,155,checkout
1105,08:18:00,156,entrance
1106,08:19:00,156,drinks
1107,08:20:00,156,drinks
1108,08:21:00,156,drinks
1109,08:22:00,156,drinks
1110,08:23:00,156,drinks
1111,08:24:00,156,checkout
1112,08:19:00,157,entrance
1113,08:20:00,157,dairy
1114,08:21:00,157,drinks
1115,08:22:00,157,drinks
1116,08:23:00,157,spices
1117,08:24:00,157,spices
1118,08:25:00,157,spices
1119,08:26:00,157,checkout
1120,08:19:00,158,entrance
1121,08:20:00,158,fruit
1122,08:21:00,158,checkout
1123,08:20:00,159,entrance
1124,08:21:00,159,dairy
1125,08:22:00,159,drinks
1126,08:23:00,159,drinks
1127,08:24:00,159,drinks
1128,08:25:00,159,drinks
1129,08:26:00,159,checkout
1130,08:20:00,160,entrance
1131,08:21:00,160,dairy
1132,08:22:00,160,dairy
1133,08:23:00,160,dairy
1134,08:24:00,160,dairy
1135,08:25:00,160,fruit
1136,08:26:00,160,checkout
1137,08:21:00,161,entrance
1138,08:22:00,161,dairy
1139,08:23:00,161,dairy
1140,08:24:00,161,spices
1141,08:25:00,161,spices
1142,08:26:00,161,spices
1143,08:27:00,161,checkout
1144,08:21:00,162,entrance
1145,08:22:00,162,spices
1146,08:23:00,162,spices
1147,08:24:00,162,spices
1148,08:25:00,162,spices
1149,08:26:00,162,fruit
1150,08:27:00,162,fruit
1151,08:28:00,162,fruit
1152,08:29:00,162,drinks
1153,08:30:00,162,spices
1154,08:31:00,162,checkout
1155,08:22:00,163,entrance
1156,08:23:00,163,fruit
1157,08:24:00,163,fruit
1158,08:25:00,163,fruit
1159,08:26:00,163,checkout
1160,08:22:00,164,entrance
1161,08:23:00,164,dairy
1162,08:24:00,164,dairy
1163,08:25:00,164,fruit
1164,08:26:00,164,spices
1165,08:27:00,164,drinks
1166,08:28:00,164,checkout
1167,08:23:00,165,entrance
1168,08:24:00,165,fruit
1169,08:25:00,165,fruit
1170,08:26:00,165,fruit
1171,08:27:00,165,checkout
1172,08:23:00,166,entrance
1173,08:24:00,166,dairy
1174,08:25:00,166,dairy
1175,08:26:00,166,dairy
1176,08:27:00,166,dairy
1177,08:28:00,166,dairy
1178,08:29:00,166,drinks
1179,08:30:00,166,drinks
1180,08:31:00,166,spices
1181,08:32:00,166,dairy
1182,08:33:00,166,dairy
1183,08:34:00,166,dairy
1184,08:35:00,166,fruit
1185,08:36:00,166,fruit
1186,08:37:00,166,fruit
1187,08:38:00,166,dairy
1188,08:39:00,166,checkout
1189,08:24:00,167,entrance
1190,08:25:00,167,fruit
1191,08:26:00,167,fruit
1192,08:27:00,167,checkout
1193,08:24:00,168,entrance
1194,08:25:00,168,dairy
1195,08:26:00,168,dairy
1196,08:27:00,168,dairy
1197,08:28:00,168,dairy
1198,08:29:00,168,dairy
1199,08:30:00,168,dairy
1200,08:31:00,168,dairy
1201,08:32:00,168,dairy
1202,08:33:00,168,dairy
1203,08:34:00,168,dairy
1204,08:35:00,168,dairy
1205,08:36:00,168,dairy
1206,08:37:00,168,checkout
1207,08:25:00,169,entrance
1208,08:26:00,169,dairy
1209,08:27:00,169,dairy
1210,08:28:00,169,dairy
1211,08:29:00,169,dairy
1212,08:30:00,169,spices
1213,08:31:00,169,fruit
1214,08:32:00,169,fruit
1215,08:33:00,169,fruit
1216,08:34:00,169,fruit
1217,08:35:00,169,fruit
1218,08:36:00,169,fruit
1219,08:37:00,169,fruit
1220,08:38:00,169,fruit
1221,08:39:00,169,checkout
1222,08:25:00,170,entrance
1223,08:26:00,170,dairy
1224,08:27:00,170,dairy
1225,08:28:00,170,dairy
1226,08:29:00,170,dairy
1227,08:30:00,170,dairy
1228,08:31:00,170,drinks
1229,08:32:00,170,fruit
1230,08:33:00,170,fruit
1231,08:34:00,170,spices
1232,08:35:00,170,drinks
1233,08:36:00,170,spices
1234,08:37:00,170,drinks
1235,08:38:00,170,drinks
1236,08:39:00,170,checkout
1237,08:26:00,171,entrance
1238,08:27:00,171,fruit
1239,08:28:00,171,dairy
1240,08:29:00,171,fruit
1241,08:30:00,171,fruit
1242,08:31:00,171,dairy
1243,08:32:00,171,dairy
1244,08:33:00,171,dairy
1245,08:34:00,171,dairy
1246,08:35:00,171,dairy
1247,08:36:00,171,dairy
1248,08:37:00,171,dairy
1249,08:38:00,171,checkout
1250,08:26:00,172,entrance
1251,08:27:00,172,fruit
1252,08:28:00,172,dairy
1253,08:29:00,172,dairy
1254,08:30:00,172,dairy
1255,08:31:00,172,dairy
1256,08:32:00,172,dairy
1257,08:33:00,172,checkout
1258,08:27:00,173,entrance
1259,08:28:00,173,spices
1260,08:29:00,173,dairy
1261,08:30:00,173,dairy
1262,08:31:00,173,dairy
1263,08:32:00,173,dairy
1264,08:33:00,173,dairy
1265,08:34:00,173,checkout
1266,08:27:00,174,entrance
1267,08:28:00,174,fruit
1268,08:29:00,174,fruit
1269,08:30:00,174,fruit
1270,08:31:00,174,checkout
1271,08:28:00,175,entrance
1272,08:29:00,175,fruit
1273,08:30:00,175,spices
1274,08:31:00,175,fruit
1275,08:32:00,175,dairy
1276,08:33:00,175,drinks
1277,08:34:00,175,drinks
1278,08:35:00,175,drinks
1279,08:36:00,175,drinks
1280,08:37:00,175,fruit
1281,08:38:00,175,fruit
1282,08:39:00,175,fruit
1283,08:40:00,175,checkout
1284,08:28:00,176,entrance
1285,08:29:00,176,fruit
1286,08:30:00,176,fruit
1287,08:31:00,176,fruit
1288,08:32:00,176,checkout
1289,08:29:00,177,entrance
1290,08:30:00,177,dairy
1291,08:31:00,177,spices
1292,08:32:00,177,fruit
1293,08:33:00,177,fruit
1294,08:34:00,177,fruit
1295,08:35:00,177,checkout
1296,08:29:00,178,entrance
1297,08:30:00,178,drinks
1298,08:31:00,178,spices
1299,08:32:00,178,spices
1300,08:33:00,178,spices
1301,08:34:00,178,checkout
1302,08:30:00,179,entrance
1303,08:31:00,179,fruit
1304,08:32:00,179,drinks
1305,08:33:00,179,checkout
1306,08:30:00,180,entrance
1307,08:31:00,180,dairy
1308,08:32:00,180,fruit
1309,08:33:00,180,fruit
1310,08:34:00,180,fruit
1311,08:35:00,180,dairy
1312,08:36:00,180,dairy
1313,08:37:00,180,fruit
1314,08:38:00,180,drinks
1315,08:39:00,180,spices
1316,08:40:00,180,dairy
1317,08:41:00,180,dairy
1318,08:42:00,180,spices
1319,08:43:00,180,drinks
1320,08:44:00,180,spices
1321,08:45:00,180,dairy
1322,08:46:00,180,dairy
1323,08:47:00,180,dairy
1324,08:48:00,180,dairy
1325,08:49:00,180,dairy
1326,08:50:00,180,dairy
1327,08:51:00,180,fruit
1328,08:52:00,180,fruit
1329,08:53:00,180,fruit
1330,08:54:00,180,fruit
1331,08:55:00,180,checkout
1332,08:31:00,181,entrance
1333,08:32:00,181,fruit
1334,08:33:00,181,fruit
1335,08:34:00,181,fruit
1336,08:35:00,181,checkout
1337,08:31:00,182,entrance
1338,08:32:00,182,drinks
1339,08:33:00,182,drinks
1340,08:34:00,182,drinks
1341,08:35:00,182,checkout
1342,08:32:00,183,entrance
1343,08:33:00,183,spices
1344,08:34:00,183,spices
1345,08:35:00,183,dairy
1346,08:36:00,183,dairy
1347,08:37:00,183,fruit
1348,08:38:00,183,fruit
1349,08:39:00,183,checkout
1350,08:32:00,184,entrance
1351,08:33:00,184,spices
1352,08:34:00,184,checkout
1353,08:33:00,185,entrance
1354,08:34:00,185,fruit
1355,08:35:00,185,fruit
1356,08:36:00,185,fruit
1357,08:37:00,185,fruit
1358,08:38:00,185,dairy
1359,08:39:00,185,dairy
1360,08:40:00,185,dairy
1361,08:41:00,185,dairy
1362,08:42:00,185,dairy
1363,08:43:00,185,dairy
1364,08:44:00,185,dairy
1365,08:45:00,185,dairy
1366,08:46:00,185,dairy
1367,08:47:00,185,dairy
1368,08:48:00,185,fruit
1369,08:49:00,185,fruit
1370,08:50:00,185,checkout
1371,08:33:00,186,entrance
1372,08:34:00,186,fruit
1373,08:35:00,186,fruit
1374,08:36:00,186,dairy
1375,08:37:00,186,dairy
1376,08:38:00,186,spices
1377,08:39:00,186,spices
1378,08:40:00,186,spices
1379,08:41:00,186,drinks
1380,08:42:00,186,drinks
1381,08:43:00,186,drinks
1382,08:44:00,186,drinks
1383,08:45:00,186,drinks
1384,08:46:00,186,drinks
1385,08:47:00,186,checkout
1386,08:34:00,187,entrance
1387,08:35:00,187,spices
1388,08:36:00,187,spices
1389,08:37:00,187,checkout
1390,08:34:00,188,entrance
1391,08:35:00,188,fruit
1392,08:36:00,188,drinks
1393,08:37:00,188,fruit
1394,08:38:00,188,fruit
1395,08:39:00,188,fruit
1396,08:40:00,188,spices
1397,08:41:00,188,fruit
1398,08:42:00,188,fruit
1399,08:43:00,188,checkout
1400,08:35:00,189,entrance
1401,08:36:00,189,spices
1402,08:37:00,189,spices
1403,08:38:00,189,spices
1404,08:39:00,189,fruit
1405,08:40:00,189,fruit
1406,08:41:00,189,checkout
1407,08:35:00,190,entrance
1408,08:36:00,190,fruit
1409,08:37:00,190,fruit
1410,08:38:00,190,fruit
1411,08:39:00,190,fruit
1412,08:40:00,190,fruit
1413,08:41:00,190,checkout
1414,08:36:00,191,entrance
1415,08:37:00,191,dairy
1416,08:38:00,191,dairy
1417,08:39:00,191,dairy
1418,08:40:00,191,dairy
1419,08:41:00,191,dairy
1420,08:42:00,191,dairy
1421,08:43:00,191,checkout
1422,08:36:00,192,entrance
1423,08:37:00,192,dairy
1424,08:38:00,192,dairy
1425,08:39:00,192,dairy
1426,08:40:00,192,dairy
1427,08:41:00,192,dairy
1428,08:42:00,192,spices
1429,08:43:00,192,spices
1430,08:44:00,192,checkout
1431,08:37:00,193,entrance
1432,08:38:00,193,fruit
1433,08:39:00,193,checkout
1434,08:37:00,194,entrance
1435,08:38:00,194,dairy
1436,08:39:00,194,dairy
1437,08:40:00,194,dairy
1438,08:41:00,194,dairy
1439,08:42:00,194,fruit
1440,08:43:00,194,checkout
1441,08:38:00,195,entrance
1442,08:39:00,195,dairy
1443,08:40:00,195,dairy
1444,08:41:00,195,dairy
1445,08:42:00,195,dairy
1446,08:43:00,195,dairy
1447,08:44:00,195,dairy
1448,08:45:00,195,dairy
1449,08:46:00,195,drinks
1450,08:47:00,195,drinks
1451,08:48:00,195,drinks
1452,08:49:00,195,drinks
1453,08:50:00,195,drinks
1454,08:51:00,195,drinks
1455,08:52:00,195,drinks
1456,08:53:00,195,checkout
1457,08:38:00,196,entrance
1458,08:39:00,196,fruit
1459,08:40:00,196,fruit
1460,08:41:00,196,checkout
1461,08:39:00,197,entrance
1462,08:40:00,197,drinks
1463,08:41:00,197,spices
1464,08:42:00,197,spices
1465,08:43:00,197,spices
1466,08:44:00,197,dairy
1467,08:45:00,197,dairy
1468,08:46:00,197,dairy
1469,08:47:00,197,dairy
1470,08:48:00,197,dairy
1471,08:49:00,197,dairy
1472,08:50:00,197,dairy
1473,08:51:00,197,dairy
1474,08:52:00,197,dairy
1475,08:53:00,197,dairy
1476,08:54:00,197,dairy
1477,08:55:00,197,dairy
1478,08:56:00,197,fruit
1479,08:57:00,197,fruit
1480,08:58:00,197,fruit
1481,08:59:00,197,drinks
1482,09:00:00,197,checkout
1483,08:39:00,198,entrance
1484,08:40:00,198,fruit
1485,08:41:00,198,fruit
1486,08:42:00,198,fruit
1487,08:43:00,198,fruit
1488,08:44:00,198,dairy
1489,08:45:00,198,dairy
1490,08:46:00,198,spices
1491,08:47:00,198,fruit
1492,08:48:00,198,spices
1493,08:49:00,198,drinks
1494,08:50:00,198,fruit
1495,08:51:00,198,fruit
1496,08:52:00,198,dairy
1497,08:53:00,198,dairy
1498,08:54:00,198,dairy
1499,08:55:00,198,dairy
1500,08:56:00,198,dairy
1501,08:57:00,198,dairy
1502,08:58:00,198,dairy
1503,08:59:00,198,checkout
1504,08:40:00,199,entrance
1505,08:41:00,199,spices
1506,08:42:00,199,fruit
1507,08:43:00,199,spices
1508,08:44:00,199,spices
1509,08:45:00,199,dairy
1510,08:46:00,199,checkout
1511,08:40:00,200,entrance
1512,08:41:00,200,fruit
1513,08:42:00,200,checkout
1514,08:41:00,201,entrance
1515,08:42:00,201,dairy
1516,08:43:00,201,dairy
1517,08:44:00,201,dairy
1518,08:45:00,201,dairy
1519,08:46:00,201,spices
1520,08:47:00,201,drinks
1521,08:48:00,201,checkout
1522,08:41:00,202,entrance
1523,08:42:00,202,dairy
1524,08:43:00,202,dairy
1525,08:44:00,202,dairy
1526,08:45:00,202,dairy
1527,08:46:00,202,dairy
1528,08:47:00,202,spices
1529,08:48:00,202,drinks
1530,08:49:00,202,checkout
1531,08:42:00,203,entrance
1532,08:43:00,203,dairy
1533,08:44:00,203,dairy
1534,08:45:00,203,dairy
1535,08:46:00,203,dairy
1536,08:47:00,203,dairy
1537,08:48:00,203,dairy
1538,08:49:00,203,dairy
1539,08:50:00,203,dairy
1540,08:51:00,203,dairy
1541,08:52:00,203,fruit
1542,08:53:00,203,checkout
1543,08:42:00,204,entrance
1544,08:43:00,204,fruit
1545,08:44:00,204,fruit
1546,08:45:00,204,fruit
1547,08:46:00,204,fruit
1548,08:47:00,204,fruit
1549,08:48:00,204,fruit
1550,08:49:00,204,fruit
1551,08:50:00,204,drinks
1552,08:51:00,204,drinks
1553,08:52:00,204,drinks
1554,08:53:00,204,drinks
1555,08:54:00,204,checkout
1556,08:43:00,205,entrance
1557,08:44:00,205,dairy
1558,08:45:00,205,dairy
1559,08:46:00,205,checkout
1560,08:43:00,206,entrance
1561,08:44:00,206,dairy
1562,08:45:00,206,dairy
1563,08:46:00,206,spices
1564,08:47:00,206,dairy
1565,08:48:00,206,dairy
1566,08:49:00,206,dairy
1567,08:50:00,206,dairy
1568,08:51:00,206,dairy
1569,08:52:00,206,fruit
1570,08:53:00,206,fruit
1571,08:54:00,206,fruit
1572,08:55:00,206,fruit
1573,08:56:00,206,fruit
1574,08:57:00,206,fruit
1575,08:58:00,206,drinks
1576,08:59:00,206,drinks
1577,09:00:00,206,drinks
1578,08:44:00,207,entrance
1579,08:45:00,207,spices
1580,08:46:00,207,dairy
1581,08:47:00,207,dairy
1582,08:48:00,207,dairy
1583,08:49:00,207,fruit
1584,08:50:00,207,drinks
1585,08:51:00,207,drinks
1586,08:52:00,207,checkout
1587,08:44:00,208,entrance
1588,08:45:00,208,dairy
1589,08:46:00,208,dairy
1590,08:47:00,208,checkout
1591,08:45:00,209,entrance
1592,08:46:00,209,spices
1593,08:47:00,209,checkout
1594,08:45:00,210,entrance
1595,08:46:00,210,fruit
1596,08:47:00,210,fruit
1597,08:48:00,210,fruit
1598,08:49:00,210,fruit
1599,08:50:00,210,fruit
1600,08:51:00,210,checkout
1601,08:46:00,211,entrance
1602,08:47:00,211,dairy
1603,08:48:00,211,fruit
1604,08:49:00,211,fruit
1605,08:50:00,211,fruit
1606,08:51:00,211,spices
1607,08:52:00,211,spices
1608,08:53:00,211,dairy
1609,08:54:00,211,dairy
1610,08:55:00,211,fruit
1611,08:56:00,211,fruit
1612,08:57:00,211,fruit
1613,08:58:00,211,dairy
1614,08:59:00,211,dairy
1615,09:00:00,211,dairy
1616,08:46:00,212,entrance
1617,08:47:00,212,spices
1618,08:48:00,212,drinks
1619,08:49:00,212,drinks
1620,08:50:00,212,drinks
1621,08:51:00,212,checkout
1622,08:47:00,213,entrance
1623,08:48:00,213,dairy
1624,08:49:00,213,dairy
1625,08:50:00,213,dairy
1626,08:51:00,213,dairy
1627,08:52:00,213,dairy
1628,08:53:00,213,dairy
1629,08:54:00,213,dairy
1630,08:55:00,213,dairy
1631,08:56:00,213,dairy
1632,08:57:00,213,dairy
1633,08:58:00,213,dairy
1634,08:59:00,213,dairy
1635,09:00:00,213,dairy
1636,08:47:00,214,entrance
1637,08:48:00,214,dairy
1638,08:49:00,214,dairy
1639,08:50:00,214,dairy
1640,08:51:00,214,dairy
1641,08:52:00,214,dairy
1642,08:53:00,214,dairy
1643,08:54:00,214,dairy
1644,08:55:00,214,dairy
1645,08:56:00,214,dairy
1646,08:57:00,214,dairy
1647,08:58:00,214,dairy
1648,08:59:00,214,dairy
1649,09:00:00,214,dairy
1650,08:48:00,215,entrance
1651,08:49:00,215,dairy
1652,08:50:00,215,dairy
1653,08:51:00,215,dairy
1654,08:52:00,215,dairy
1655,08:53:00,215,spices
1656,08:54:00,215,dairy
1657,08:55:00,215,dairy
1658,08:56:00,215,dairy
1659,08:57:00,215,dairy
1660,08:58:00,215,dairy
1661,08:59:00,215,dairy
1662,09:00:00,215,fruit
1663,08:48:00,216,entrance
1664,08:49:00,216,fruit
1665,08:50:00,216,dairy
1666,08:51:00,216,spices
1667,08:52:00,216,spices
1668,08:53:00,216,dairy
1669,08:54:00,216,dairy
1670,08:55:00,216,fruit
1671,08:56:00,216,fruit
1672,08:57:00,216,fruit
1673,08:58:00,216,fruit
1674,08:59:00,216,fruit
1675,09:00:00,216,fruit
1676,08:49:00,217,entrance
1677,08:50:00,217,fruit
1678,08:51:00,217,spices
1679,08:52:00,217,drinks
1680,08:53:00,217,fruit
1681,08:54:00,217,fruit
1682,08:55:00,217,fruit
1683,08:56:00,217,drinks
1684,08:57:00,217,spices
1685,08:58:00,217,spices
1686,08:59:00,217,spices
1687,09:00:00,217,checkout
1688,08:49:00,218,entrance
1689,08:50:00,218,fruit
1690,08:51:00,218,drinks
1691,08:52:00,218,checkout
1692,08:50:00,219,entrance
1693,08:51:00,219,drinks
1694,08:52:00,219,drinks
1695,08:53:00,219,drinks
1696,08:54:00,219,checkout
1697,08:50:00,220,entrance
1698,08:51:00,220,drinks
1699,08:52:00,220,drinks
1700,08:53:00,220,drinks
1701,08:54:00,220,drinks
1702,08:55:00,220,checkout
1703,08:51:00,221,entrance
1704,08:52:00,221,fruit
1705,08:53:00,221,fruit
1706,08:54:00,221,spices
1707,08:55:00,221,dairy
1708,08:56:00,221,dairy
1709,08:57:00,221,dairy
1710,08:58:00,221,dairy
1711,08:59:00,221,checkout
1712,08:51:00,222,entrance
1713,08:52:00,222,fruit
1714,08:53:00,222,fruit
1715,08:54:00,222,fruit
1716,08:55:00,222,fruit
1717,08:56:00,222,checkout
1718,08:52:00,223,entrance
1719,08:53:00,223,fruit
1720,08:54:00,223,dairy
1721,08:55:00,223,dairy
1722,08:56:00,223,dairy
1723,08:57:00,223,dairy
1724,08:58:00,223,checkout
1725,08:52:00,224,entrance
1726,08:53:00,224,spices
1727,08:54:00,224,drinks
1728,08:55:00,224,drinks
1729,08:56:00,224,checkout
1730,08:53:00,225,entrance
1731,08:54:00,225,spices
1732,08:55:00,225,dairy
1733,08:56:00,225,spices
1734,08:57:00,225,spices
1735,08:58:00,225,drinks
1736,08:59:00,225,drinks
1737,09:00:00,225,drinks
1738,08:53:00,226,entrance
1739,08:54:00,226,fruit
1740,08:55:00,226,spices
1741,08:56:00,226,drinks
1742,08:57:00,226,checkout
1743,08:54:00,227,entrance
1744,08:55:00,227,fruit
1745,08:56:00,227,fruit
1746,08:57:00,227,fruit
1747,08:58:00,227,checkout
1748,08:54:00,228,entrance
1749,08:55:00,228,fruit
1750,08:56:00,228,fruit
1751,08:57:00,228,fruit
1752,08:58:00,228,fruit
1753,08:59:00,228,fruit
1754,09:00:00,228,dairy
1755,08:55:00,229,entrance
1756,08:56:00,229,dairy
1757,08:57:00,229,dairy
1758,08:58:00,229,spices
1759,08:59:00,229,spices
1760,09:00:00,229,drinks
1761,08:55:00,230,entrance
1762,08:56:00,230,dairy
1763,08:57:00,230,dairy
1764,08:58:00,230,checkout
1765,08:56:00,231,entrance
1766,08:57:00,231,dairy
1767,08:58:00,231,dairy
1768,08:59:00,231,dairy
1769,09:00:00,231,fruit
1770,08:56:00,232,entrance
1771,08:57:00,232,drinks
1772,08:58:00,232,checkout
1773,08:57:00,233,entrance
1774,08:58:00,233,spices
1775,08:59:00,233,spices
1776,09:00:00,233,spices
1777,08:57:00,234,entrance
1778,08:58:00,234,dairy
1779,08:59:00,234,dairy
1780,09:00:00,234,dairy
1781,08:58:00,235,entrance
1782,08:59:00,235,fruit
1783,09:00:00,235,checkout
1784,08:58:00,236,entrance
1785,08:59:00,236,fruit
1786,09:00:00,236,fruit
1787,08:59:00,237,entrance
1788,09:00:00,237,dairy
1789,08:59:00,238,entrance
1790,09:00:00,238,spices
1791,09:00:00,239,entrance
1792,09:00:00,240,entrance
